<?xml version="1.0" encoding="UTF-8"?>
<project-private xmlns="http://www.netbeans.org/ns/project-private/1">
    <editor-bookmarks xmlns="http://www.netbeans.org/ns/editor-bookmarks/2" lastBookmarkId="0"/>
    <open-files xmlns="http://www.netbeans.org/ns/projectui-open-files/2">
        <group>
            <file>file:/opt/lampp/htdocs/museo/style/ricerca.css</file>
            <file>file:/opt/lampp/htdocs/museo/bottom-navbar.html</file>
            <file>file:/opt/lampp/htdocs/museo/style/home.css</file>
            <file>file:/opt/lampp/htdocs/museo/serverSide/base.php</file>
            <file>file:/opt/lampp/htdocs/museo/style/allstyles.css</file>
            <file>file:/opt/lampp/htdocs/museo/index.php</file>
            <file>file:/opt/lampp/htdocs/museo/script/page_navigation.js</file>
            <file>file:/opt/lampp/htdocs/museo/segnalaUnBug.html</file>
            <file>file:/opt/lampp/htdocs/museo/serverSide/segnalaUnBug.php</file>
            <file>file:/opt/lampp/htdocs/museo/jsonlogin.php</file>
            <file>file:/opt/lampp/htdocs/museo/base.php</file>
            <file>file:/opt/lampp/htdocs/museo/serverSide/ricercaReperti.php</file>
        </group>
    </open-files>
</project-private>
